,userid,start_latitude,start_longitude,appid
0,15094172345,,,com.nike.sport.running.ios
1,15094172279,42.12323226038564,-84.30835347630484,com.nike.sport.running.ios
2,15094172259,26.30018168597137,-98.00293830232508,com.nike.sport.running.ios
3,12572981052,-30.02980627122338,-51.16295364690122,com.nike.sport.running.ios
4,12572981479,33.06869921277563,-110.1450562757534,com.nike.sport.running.ios
5,15094172259,,,com.nike.sport.running.ios
6,15094172164,51.4811739419135,-0.4492379911248099,com.nike.sport.running.ios
7,12572981963,39.53949376013087,-0.4819048661743122,com.nike.sport.running.ios
8,15094056911,,,com.nike.sport.running.ios
9,12573027225,19.00640188718122,72.81399342238234,com.nike.sport.running.ios
10,15094056911,,,com.nike.sport.running.ios
11,12573027346,32.14503976053758,34.82760152782763,com.nike.sport.running.ios
12,15094056911,18.40882591904924,-66.04571633047055,com.nike.sport.running.ios
13,15511150294,48.89675872870618,2.220786921682042,com.nike.sport.running.ios
14,12573027697,,,com.nike.sport.running.ios
15,12573027706,51.51444221851557,-0.08099860511727724,com.nike.sport.running.ios
16,12573027959,20.60864018743914,-87.09056228407387,com.nike.sport.running.ios
17,15094056498,34.74742883353936,135.635905824728,com.nike.sport.running.ios
18,15094056421,18.98961092347185,-98.27979784468029,com.nike.sport.running.ios
19,15094056187,,,com.nike.sport.running.ios
20,15094055888,-34.55909291751176,-58.5038646776774,com.nike.sport.running.ios
21,15094055837,-31.88937650065114,115.785768739987,com.nike.sport.running.ios
22,15094055779,-33.89105787503895,-60.5666342843888,com.nike.sport.running.ios
23,15094055705,33.36428141224511,130.8222836909171,com.nike.sport.running.ios
24,15094055663,50.33356688455709,30.41347229856105,com.nike.sport.running.ios
25,12573028741,4.927233215426027,114.944356000158,com.nike.sport.running.ios
26,12573028741,4.927265737210332,114.9442865141807,com.nike.sport.running.ios
27,12573028757,28.21642313620841,-81.29662075087549,com.nike.sport.running.ios
28,12573028808,14.24503970426903,100.6022406556649,com.nike.sport.running.ios
29,12573028808,,,com.nike.sport.running.ios
30,12573028808,,,com.nike.sport.running.ios
31,12573028808,14.24503970426903,100.6022406556649,com.nike.sport.running.ios
32,12573028808,,,com.nike.sport.running.ios
33,12573029039,21.4482294861427,-157.7390769404897,com.nike.sport.running.ios
34,15094055432,41.40322459865492,-73.28583229339988,com.nike.sport.running.ios
35,15094055400,-37.0689458633187,174.9284382072975,com.nike.sport.running.ios
36,12573029173,51.57779167876726,-0.1025664992631437,com.nike.sport.running.ios
37,12573029303,31.12122096589871,121.5874465183556,com.nike.sport.running.ios
38,15094053227,,,com.nike.sport.running.ios
39,15094052937,1.383208399639822,103.865304496236,com.nike.sport.running.ios
40,15094052788,35.59925692624934,140.1272033808195,com.nike.sport.running.ios
41,12573029517,53.01842641694061,-2.279826006315635,com.nike.sport.running.ios
42,15094052666,25.02015095206445,121.3065742236761,com.nike.sport.running.ios
43,12573029653,54.21448498969359,-5.886565083643315,com.nike.sport.running.ios
44,12573029711,49.05701016843973,20.28516697930187,com.nike.sport.running.ios
45,12573029903,33.90127855821876,-117.3291316722681,com.nike.sport.running.ios
46,12573030177,50.08338878401563,8.645526012413805,com.nike.sport.running.ios
47,15094052529,,,com.nike.sport.running.ios
48,12573030428,28.58554764723921,-81.53715085948762,com.nike.sport.running.ios
49,15094052488,19.14563492364851,-96.09756977260072,com.nike.sport.running.ios
50,12573030863,,,com.nike.sport.running.ios
51,15094052266,35.37043407097028,139.6163444874246,com.nike.sport.running.ios
52,15094052189,35.55138775150809,139.5550948196459,com.nike.sport.running.ios
53,15094052189,35.5451463349495,139.569160575177,com.nike.sport.running.ios
54,12573031068,45.9635642020335,8.54234584306275,com.nike.sport.running.ios
55,12573031484,,,com.nike.sport.running.ios
56,12573031489,-25.45730433429168,-49.22389975753541,com.nike.sport.running.ios
57,12573031575,53.50841521756119,-2.140562888236847,com.nike.sport.running.ios
58,12573031575,,,com.nike.sport.running.ios
59,15094046437,31.89135601281365,131.4020557423415,com.nike.sport.running.ios
60,15094046357,20.70470346139809,-103.3905449510584,com.nike.sport.running.ios
61,12573031675,-30.04228227308955,-51.18768353019951,com.nike.sport.running.ios
62,15094045685,,,com.nike.sport.running.ios
63,15094045622,35.18382847312389,33.3549341652853,com.nike.sport.running.ios
64,15094045614,41.56109673906263,2.00771726668068,com.nike.sport.running.ios
65,12573031802,-25.32724230086927,-57.54412863408918,com.nike.sport.running.ios
66,12573062002,34.84109211716321,134.6819020808997,com.nike.sport.running.ios
67,15094045219,35.29600004668841,139.6734531597604,com.nike.sport.running.ios
68,15094044926,-23.57888127679339,-46.58971158791947,com.nike.sport.running.ios
69,15094044916,19.43507223857514,-99.14550586612815,com.nike.sport.running.ios
70,15094044905,-27.07530882677722,-52.13494093162206,com.nike.sport.running.ios
71,12573062582,,,com.nike.sport.running.ios
72,15511079095,26.1284770469959,119.316061802262,com.nike.sport.running.ios
73,15511078673,,,com.nike.sport.running.ios
74,15094044806,29.77535748192795,-95.43288337567245,com.nike.sport.running.ios
75,15093976996,,,com.nike.sport.running.ios
76,15093976996,,,com.nike.sport.running.ios
77,15093976760,13.78198640887978,100.7198327221914,com.nike.sport.running.ios
78,15093975951,-33.49218711725761,-70.6518808287295,com.nike.sport.running.ios
79,15093975557,42.83415544782098,11.58588792198485,com.nike.sport.running.ios
80,15093975011,36.61078269596827,138.17217693677,com.nike.sport.running.ios
81,12573063249,35.53889108825059,139.6736098175307,com.nike.sport.running.ios
82,12573063383,-30.03726172263737,-51.20161517527998,com.nike.sport.running.ios
83,12573063417,46.20556712154877,6.157887037849201,com.nike.sport.running.ios
84,12573063449,-20.50651868341538,-40.37464949306136,com.nike.sport.running.ios
85,15093974581,53.48193003801022,-113.5852086079433,com.nike.sport.running.ios
86,12573063587,50.20333583005723,-5.489636957650529,com.nike.sport.running.ios
87,15093974577,21.14899386653784,-86.83898549535017,com.nike.sport.running.ios
88,10152336341,,,com.nike.sport.running.ios
89,15093974410,35.63494141216915,139.5394633246023,com.nike.sport.running.ios
90,15093861929,,,com.nike.sport.running.ios
91,12573063895,,,com.nike.sport.running.ios
92,12573064623,-25.46207191890614,-49.28603002806128,com.nike.sport.running.ios
93,12573064699,33.09523376173628,-87.68952487044753,com.nike.sport.running.ios
94,12573064785,,,com.nike.sport.running.ios
95,15093861199,43.74478158545097,7.256288845098815,com.nike.sport.running.ios
96,15093861187,38.66124171767259,-90.56149430581421,com.nike.sport.running.ios
97,12573065294,,,com.nike.sport.running.ios
98,15093861065,,,com.nike.sport.running.ios
99,12573065459,-23.48728287501585,-46.60883062523474,com.nike.sport.running.ios
100,12573065459,-23.48446450198394,-46.60782555122544,com.nike.sport.running.ios
101,10010198301,,,com.nike.sport.running.ios
102,12573066009,-34.40112321175113,-53.78090439369323,com.nike.sport.running.ios
103,12573066155,,,com.nike.sport.running.ios
104,15093861034,-23.01113063471672,-43.33009237427574,com.nike.sport.running.ios
105,10152933093,28.02168197932469,-82.52133800655838,com.nike.sport.running.ios
106,12573347431,35.61077164955028,139.4868477714616,com.nike.sport.running.ios
107,12573347707,,,com.nike.sport.running.ios
108,15541790572,4.683363586668562,-74.03388622223775,com.nike.sport.running.ios
109,15093860793,27.53142081669302,-99.4354238268914,com.nike.sport.running.ios
110,1015304068,48.84971592579861,2.386371083559828,com.nike.sport.running.ios
111,15093860599,45.46308615249159,-122.8487133142751,com.nike.sport.running.ios
112,12573348681,24.95678745212495,121.5368131176769,com.nike.sport.running.ios
113,12573348821,,,com.nike.sport.running.ios
114,12573349053,52.26304545537779,6.818687450147065,com.nike.sport.running.ios
115,12573349251,37.24456370811653,-80.42301286950746,com.nike.sport.running.ios
116,1015324935,29.79081532920691,-98.72736607687429,com.nike.sport.running.ios
117,12573349417,,,com.nike.sport.running.ios
118,12573349643,33.86562434933767,-117.7434786422163,com.nike.sport.running.ios
119,12573349781,,,com.nike.sport.running.ios
120,15093860388,,,com.nike.sport.running.ios
121,12573349953,-25.43354042342439,-49.24424221743759,com.nike.sport.running.ios
122,12573350014,52.95048560952111,-1.158336522058731,com.nike.sport.running.ios
123,12573350115,19.53752859963061,-96.91528075383688,com.nike.sport.running.ios
124,15093860387,35.8345834114619,139.65547240971,com.nike.sport.running.ios
125,15093860296,29.76952445696087,-95.59738431134782,com.nike.sport.running.ios
126,15093860228,,,com.nike.sport.running.ios
127,12573350250,19.68253343086735,-101.2284974128525,com.nike.sport.running.ios
128,1550969745,51.3477890706168,6.57349222340302,com.nike.sport.running.ios
129,12573350629,,,com.nike.sport.running.ios
130,12573350846,34.53018696050582,132.4318580423784,com.nike.sport.running.ios
131,12573350853,34.04784133195323,-118.2277430222539,com.nike.sport.running.ios
132,15093859915,53.78008284145387,-2.694055996837741,com.nike.sport.running.ios
133,15508591946,-33.56614639054384,-70.78043525113796,com.nike.sport.running.ios
134,15093859850,32.79944662473425,130.7027298399533,com.nike.sport.running.ios
135,12573351124,,,com.nike.sport.running.ios
136,12573351209,27.32661010234368,-81.41832732603086,com.nike.sport.running.ios
137,12573351262,,,com.nike.sport.running.ios
138,12573351262,23.10864984525657,113.0877652858506,com.nike.sport.running.ios
139,12573351644,19.14947355633522,-96.09604644598075,com.nike.sport.running.ios
140,12573351745,22.19590493014287,113.5500382260546,com.nike.sport.running.ios
141,15508591636,26.10062725172568,-97.95702286362186,com.nike.sport.running.ios
142,15093855424,30.18462614159117,119.4742067904393,com.nike.sport.running.ios
143,15093855420,31.19399994148984,121.3984009904055,com.nike.sport.running.ios
144,15093855412,,,com.nike.sport.running.ios
145,15093855298,,,com.nike.sport.running.ios
146,15093855264,,,com.nike.sport.running.ios
147,15093855172,,,com.nike.sport.running.ios
148,15093855075,-34.76796248465289,-58.38663630192949,com.nike.sport.running.ios
149,15093855075,,,com.nike.sport.running.ios
150,12573432278,33.22052506733054,131.6652325821404,com.nike.sport.running.ios
151,12573432278,33.21030077993237,131.6635603086386,com.nike.sport.running.ios
152,15093854734,31.88308592423041,34.73469827327387,com.nike.sport.running.ios
153,15093854653,48.94179289233772,2.138060638683045,com.nike.sport.running.ios
154,12573432467,2.719482248651534,101.9514451828803,com.nike.sport.running.ios
155,15093854643,,,com.nike.sport.running.ios
156,15093854526,55.86106556938576,-4.258453818042072,com.nike.sport.running.ios
157,15093854332,36.6997422231703,-2.787771038713667,com.nike.sport.running.ios
158,15093853941,29.32231157555182,-96.09275277712949,com.nike.sport.running.ios
159,15093853750,19.49775043411134,-99.20996529990734,com.nike.sport.running.ios
160,12573432556,36.1823394941503,-115.3372189031125,com.nike.sport.running.ios
161,15093834773,,,com.nike.sport.running.ios
162,12573432583,33.2429309841555,-84.26023221582571,com.nike.sport.running.ios
163,12573432621,-25.42492697017773,-49.30652998392405,com.nike.sport.running.ios
164,15093834586,22.83152636959388,120.2356741328786,com.nike.sport.running.ios
165,12573432633,,,com.nike.sport.running.ios
166,12573432899,,,com.nike.sport.running.ios
167,12573433026,23.07417843027327,113.2850231510711,com.nike.sport.running.ios
168,12573433274,-31.36662532112688,-64.2594686430546,com.nike.sport.running.ios
169,12573433470,29.68109827025764,-95.28802938768202,com.nike.sport.running.ios
170,15093834465,31.2109822292042,121.538155047153,com.nike.sport.running.ios
171,12573433678,,,com.nike.sport.running.ios
172,12573433841,50.51000259355689,7.485626516870675,com.nike.sport.running.ios
173,15093834442,1.355846598745655,103.8714617584868,com.nike.sport.running.ios
174,15093834334,48.67773586888674,2.362130535768682,com.nike.sport.running.ios
175,12573434229,40.86647274907759,-73.11279024935617,com.nike.sport.running.ios
176,12573434612,,,com.nike.sport.running.ios
177,12573434612,29.64491246270914,-82.34347938567618,com.nike.sport.running.ios
178,15093834232,51.41152958856095,-0.8681167289622762,com.nike.sport.running.ios
179,12573434948,24.33766860982807,120.5923046452185,com.nike.sport.running.ios
180,15093833501,37.15837934523556,138.2563661133295,com.nike.sport.running.ios
181,15093833209,,,com.nike.sport.running.ios
182,15093833046,43.81245380271581,-79.35962989933729,com.nike.sport.running.ios
183,15093761998,-23.97280993873623,-46.37134272609499,com.nike.sport.running.ios
184,15093761723,-22.98786515372152,-43.19820706736594,com.nike.sport.running.ios
185,15093760133,,,com.nike.sport.running.ios
186,15093760019,23.07780230419997,113.3151727729601,com.nike.sport.running.ios
187,1015531156,35.95766333400827,-115.123837022218,com.nike.sport.running.ios
188,15093760005,-26.27658235466249,27.97252621823242,com.nike.sport.running.ios
189,15093759652,-23.40453044047896,-46.3199378550484,com.nike.sport.running.ios
190,15093759560,,,com.nike.sport.running.ios
191,15093759560,,,com.nike.sport.running.ios
192,15093759433,,,com.nike.sport.running.ios
193,15093759433,,,com.nike.sport.running.ios
194,15093759433,37.3733779695233,138.5509875790575,com.nike.sport.running.ios
195,12573434986,22.3215664224907,114.255591547223,com.nike.sport.running.ios
196,12573435544,49.2767379025912,-123.076605001085,com.nike.sport.running.ios
197,12573435544,49.2739992588068,-123.101513950035,com.nike.sport.running.ios
198,12573435581,34.83488091736551,135.3763834947118,com.nike.sport.running.ios
199,15093757679,47.53379337959693,-121.8795101625117,com.nike.sport.running.ios
200,12573435710,,,com.nike.sport.running.ios
201,12573435710,,,com.nike.sport.running.ios
202,15093757534,42.98145054492898,-77.4217297040752,com.nike.sport.running.ios
203,15093757221,35.08329722567935,136.7621879374019,com.nike.sport.running.ios
204,15093757101,50.16473871660434,3.248772192749426,com.nike.sport.running.ios
205,12573436867,17.05243986101546,99.07281942674804,com.nike.sport.running.ios
206,15093757101,50.17774445475096,3.235477907586131,com.nike.sport.running.ios
207,12573487497,44.19956604954246,-1.232454255224422,com.nike.sport.running.ios
208,15093757096,33.768011159295,-117.889826595893,com.nike.sport.running.ios
209,15093757085,10.66878902726869,77.01291787445267,com.nike.sport.running.ios
210,12573487571,41.80872108325531,-87.91530467578015,com.nike.sport.running.ios
211,12573487599,34.06327564272477,-118.1677402463911,com.nike.sport.running.ios
212,12573487953,-33.76286823305652,150.6580647548201,com.nike.sport.running.ios
213,12573488149,1.350838202053076,103.7555739005131,com.nike.sport.running.ios
214,12573488249,51.77526952703649,7.446121014661571,com.nike.sport.running.ios
215,12573488357,,,com.nike.sport.running.ios
216,12573488359,34.95998505506195,138.3981086221881,com.nike.sport.running.ios
217,12573488409,35.72707097515066,139.8079661094954,com.nike.sport.running.ios
218,12573488766,30.27490665673304,-97.77023353623018,com.nike.sport.running.ios
219,12573488830,,,com.nike.sport.running.ios
220,12573489479,47.64469853141126,-2.771414676683742,com.nike.sport.running.ios
221,12573489678,33.22952329184229,131.6098572035614,com.nike.sport.running.ios
222,15093692080,,,com.nike.sport.running.ios
223,12573489785,-23.94826584032173,31.13105348314264,com.nike.sport.running.ios
224,12573489789,,,com.nike.sport.running.ios
225,15093638989,,,com.nike.sport.running.ios
226,12573490163,51.55153841915777,0.06339723140343427,com.nike.sport.running.ios
227,12573490240,22.72259736435741,120.3139286489415,com.nike.sport.running.ios
228,12573490431,,,com.nike.sport.running.ios
229,12573490431,41.64798405025308,-4.741489654411321,com.nike.sport.running.ios
230,12573490575,52.4511435349029,-1.78844114765691,com.nike.sport.running.ios
231,10010198994,1.34702807826757,103.749753051859,com.nike.sport.running.ios
232,15093637547,47.53023643516705,-122.0393614378963,com.nike.sport.running.ios
233,12573491653,-34.55830673690378,-58.44284400349338,com.nike.sport.running.ios
234,12573491746,20.70943538101456,-103.3928702586362,com.nike.sport.running.ios
235,15508591313,48.80129911941364,44.53275818381881,com.nike.sport.running.ios
236,15508591230,-23.5903517855551,-46.65566350337738,com.nike.sport.running.ios
237,12573491886,14.07133155038028,100.5989177339716,com.nike.sport.running.ios
238,15093637438,31.13938111349115,121.3598812000094,com.nike.sport.running.ios
239,12574267186,40.43134049516211,-3.695461498576864,com.nike.sport.running.ios
240,15093637429,19.29926705827544,-99.25162024752353,com.nike.sport.running.ios
241,15093637103,28.99907337038685,101.507436074411,com.nike.sport.running.ios
242,12574267626,20.55019334426201,-86.92611135550489,com.nike.sport.running.ios
243,10155477171,35.74461366984597,139.5019456745493,com.nike.sport.running.ios
244,12574267939,55.87790368130047,-3.16010297276374,com.nike.sport.running.ios
245,12574268170,,,com.nike.sport.running.ios
246,15093596377,,,com.nike.sport.running.ios
247,12574268480,-12.90605271701972,-38.30167273994377,com.nike.sport.running.ios
248,12574268484,53.32885687244435,-2.73661552928643,com.nike.sport.running.ios
249,12574268529,-12.73919479922647,-60.12330268515285,com.nike.sport.running.ios
250,12574268541,-6.267709499230858,106.8749761116755,com.nike.sport.running.ios
251,12574268641,41.3621843699751,-71.92523784942173,com.nike.sport.running.ios
252,12574268784,51.56877589416836,-0.0354203302413555,com.nike.sport.running.ios
253,12574268792,-40.36077840723131,175.611834051251,com.nike.sport.running.ios
254,12574269062,36.29307608589185,139.1977294442609,com.nike.sport.running.ios
255,12574269062,,,com.nike.sport.running.ios
256,12574269196,61.14271041942867,-149.9312074018176,com.nike.sport.running.ios
257,12574269196,,,com.nike.sport.running.ios
258,12574269399,34.10662508572834,-117.7265482955777,com.nike.sport.running.ios
259,12574269444,-12.07350970712683,-76.88991160139152,com.nike.sport.running.ios
260,12574269886,35.71288887880343,139.4771177229839,com.nike.sport.running.ios
261,15093596284,50.62297841073072,5.465483078738177,com.nike.sport.running.ios
262,15093596250,29.84008419528909,-95.16855671742134,com.nike.sport.running.ios
263,15093596120,1.375021239518517,103.8980358419459,com.nike.sport.running.ios
264,15093596006,,,com.nike.sport.running.ios
265,15093595911,53.16142638684545,8.942358372741325,com.nike.sport.running.ios
266,12574270679,,,com.nike.sport.running.ios
267,12574270679,,,com.nike.sport.running.ios
268,12574270850,50.77750684232523,4.544862024490297,com.nike.sport.running.ios
269,12574271190,43.65428695765852,-79.3654624591104,com.nike.sport.running.ios
270,12574271274,38.61424874517937,-121.4381106757758,com.nike.sport.running.ios
271,10155487298,-33.02669925618267,-71.63150637417252,com.nike.sport.running.ios
272,12574271282,25.82604593893859,-80.38205993515436,com.nike.sport.running.ios
273,12574271297,,,com.nike.sport.running.ios
274,12574271910,22.3907757353776,-97.94547523402046,com.nike.sport.running.ios
275,1257473796,,,com.nike.sport.running.ios
276,15093595861,37.04675779215717,35.27445771734721,com.nike.sport.running.ios
277,15093595683,41.35917702693619,-73.5797509365469,com.nike.sport.running.ios
278,12574764320,51.05584046485315,-114.0481490233866,com.nike.sport.running.ios
279,15093595683,,,com.nike.sport.running.ios
280,15093595683,41.35891249407209,-73.57915012172757,com.nike.sport.running.ios
281,12574764692,35.07935483943213,-106.4860810340442,com.nike.sport.running.ios
282,12574764692,,,com.nike.sport.running.ios
283,12574765952,,,com.nike.sport.running.ios
284,12574765952,,,com.nike.sport.running.ios
285,15093595579,34.64662383313723,135.1088136994607,com.nike.sport.running.ios
286,10155487307,51.24022871726308,-1.789601622151015,com.nike.sport.running.ios
287,15093595579,34.64665057140835,135.1088302118099,com.nike.sport.running.ios
288,15093595579,34.64662685062238,135.1087733825064,com.nike.sport.running.ios
289,12574993666,,,com.nike.sport.running.ios
290,15093593851,32.26931182670618,-110.8831105941077,com.nike.sport.running.ios
291,15093519743,37.81498266482901,-100.3457589731561,com.nike.sport.running.ios
292,15093519435,19.29673491978952,-99.1750944872379,com.nike.sport.running.ios
293,15093518653,40.79524010889306,-77.86973454065422,com.nike.sport.running.ios
294,15093518550,,,com.nike.sport.running.ios
295,15093518463,57.18168483121058,13.53726773524055,com.nike.sport.running.ios
296,15093518407,-22.90477413220601,-43.12145900916599,com.nike.sport.running.ios
297,15093517311,42.33995449733207,-71.07852078980866,com.nike.sport.running.ios
298,15093381919,,,com.nike.sport.running.ios
299,15093381804,48.08526330631979,11.64025328123163,com.nike.sport.running.ios
300,15093381700,1.376441144385726,103.942943131648,com.nike.sport.running.ios
301,15093381605,37.68325089230149,-120.944263262607,com.nike.sport.running.ios
302,15093381014,50.81913740844542,-0.1324997004122776,com.nike.sport.running.ios
303,15093380863,40.15793982896968,-74.02012833401004,com.nike.sport.running.ios
304,12575024791,54.53535878570241,-128.5914502200937,com.nike.sport.running.ios
305,12575025919,40.46008652545554,-3.863211963329336,com.nike.sport.running.ios
306,15093380782,52.02233115215974,0.2435755915942076,com.nike.sport.running.ios
307,15508590733,34.06566314402415,131.8041806483006,com.nike.sport.running.ios
308,12575108355,22.93997498231282,112.0255069156289,com.nike.sport.running.ios
309,15093380622,19.10984190648339,-98.88519588867098,com.nike.sport.running.ios
310,12575110526,47.73058231924449,7.297175601131559,com.nike.sport.running.ios
311,15093380622,19.1084475768908,-98.88450111271709,com.nike.sport.running.ios
312,15093380593,37.8014782894789,-121.8932133730813,com.nike.sport.running.ios
313,15093379618,34.75387011657912,135.1629959979422,com.nike.sport.running.ios
314,15093379478,23.01724812830805,120.2496815879314,com.nike.sport.running.ios
315,12575111674,,,com.nike.sport.running.ios
316,1550763171,47.65292163942722,-122.3935256806411,com.nike.sport.running.ios
317,15093379021,43.08568416632999,141.3669543342119,com.nike.sport.running.ios
318,12575210394,,,com.nike.sport.running.ios
319,12575210394,39.19323767539039,-96.62792648197768,com.nike.sport.running.ios
320,12575210394,,,com.nike.sport.running.ios
321,12575210663,29.70899659677382,-95.37590140485705,com.nike.sport.running.ios
322,15093378951,,,com.nike.sport.running.ios
323,12575210722,51.4826908987495,-0.3832032624635689,com.nike.sport.running.ios
324,12575210722,,,com.nike.sport.running.ios
325,15506821995,24.72239079887487,46.61928998310735,com.nike.sport.running.ios
326,12575322519,13.74565576204447,100.5268166028899,com.nike.sport.running.ios
327,15093378747,,,com.nike.sport.running.ios
328,12575324973,36.06270274782156,-79.81237098002094,com.nike.sport.running.ios
329,12575325911,,,com.nike.sport.running.ios
330,12575325911,,,com.nike.sport.running.ios
331,12575325911,,,com.nike.sport.running.ios
332,12575325911,,,com.nike.sport.running.ios
333,15093378692,,,com.nike.sport.running.ios
334,15093378454,18.79739427009485,98.95704489210523,com.nike.sport.running.ios
335,10155502175,44.4893108820957,26.08283319512948,com.nike.sport.running.ios
336,1257584066,,,com.nike.sport.running.ios
337,12577494354,,,com.nike.sport.running.ios
338,12577494354,,,com.nike.sport.running.ios
339,12577494354,,,com.nike.sport.running.ios
340,12577494354,35.36698709711001,-120.8472309262686,com.nike.sport.running.ios
341,15093378295,33.55649990964081,-111.9011856057792,com.nike.sport.running.ios
342,12577495778,51.32398245395284,12.41586313584113,com.nike.sport.running.ios
343,15506821995,24.72302149517902,46.61990831610431,com.nike.sport.running.ios
344,15093378232,37.24351513202976,-94.11922403620008,com.nike.sport.running.ios
345,10155502255,45.69971716967011,4.822712643076501,com.nike.sport.running.ios
346,15093377903,,,com.nike.sport.running.ios
347,12578409695,17.3983955802558,102.7914111224029,com.nike.sport.running.ios
348,12578410703,30.24473214059159,120.0650033076481,com.nike.sport.running.ios
349,15093377836,,,com.nike.sport.running.ios
350,12578411834,19.11905902439646,72.89467846050196,com.nike.sport.running.ios
351,15093377756,,,com.nike.sport.running.ios
352,15093377756,,,com.nike.sport.running.ios
353,12578448868,-8.969663563694777,13.23855290037009,com.nike.sport.running.ios
354,12578868675,-33.94753274976643,18.70065780358268,com.nike.sport.running.ios
355,10155502260,39.90726363383225,116.2964725681732,com.nike.sport.running.ios
356,15093377715,46.78757881750053,-71.2446101289906,com.nike.sport.running.ios
357,15093375115,21.09822819942711,105.9231344797704,com.nike.sport.running.ios
358,12578870390,,,com.nike.sport.running.ios
359,15093375085,33.57316719836888,-117.5795015507541,com.nike.sport.running.ios
360,15093374822,26.22409236154167,-98.3454918489776,com.nike.sport.running.ios
361,15093374815,,,com.nike.sport.running.ios
362,15093374657,30.30221862721285,-97.73357645617587,com.nike.sport.running.ios
363,15093374284,4.44761162158516,-75.23608842871639,com.nike.sport.running.ios
364,15093374144,21.10494671391426,-89.58666346044241,com.nike.sport.running.ios
365,15093373760,48.89338417448931,2.328921519222044,com.nike.sport.running.ios
366,15093373568,25.45074922500686,-80.45321102261585,com.nike.sport.running.ios
367,15093373568,,,com.nike.sport.running.ios
368,15093373505,17.74737632835074,83.23151319295468,com.nike.sport.running.ios
369,15093373326,49.04029542665468,2.040102386946955,com.nike.sport.running.ios
370,15093373326,49.04124199192734,2.040013566158204,com.nike.sport.running.ios
371,15093373303,25.67134947518415,-80.31679236337571,com.nike.sport.running.ios
372,15093373172,,,com.nike.sport.running.ios
373,15093373172,53.38791848630959,-2.943182503807305,com.nike.sport.running.ios
374,15093373156,18.98966150825749,-98.27971008615408,com.nike.sport.running.ios
375,12578870942,34.40278245139346,-118.4650498722852,com.nike.sport.running.ios
376,12579287598,,,com.nike.sport.running.ios
377,12579287598,,,com.nike.sport.running.ios
378,12579287613,,,com.nike.sport.running.ios
379,12579288471,,,com.nike.sport.running.ios
380,15093372848,,,com.nike.sport.running.ios
381,12579622145,40.7585466094695,-74.4266097341426,com.nike.sport.running.ios
382,12579622821,,,com.nike.sport.running.ios
383,15093372511,23.04398237264067,72.55488029687903,com.nike.sport.running.ios
384,15093372459,,,com.nike.sport.running.ios
385,10155702214,51.33778334134383,3.324050148952123,com.nike.sport.running.ios
386,12579624538,,,com.nike.sport.running.ios
387,15093372459,,,com.nike.sport.running.ios
388,15093372330,,,com.nike.sport.running.ios
389,15093372037,,,com.nike.sport.running.ios
390,15093299799,32.34611549883368,-86.20902830742878,com.nike.sport.running.ios
391,15093298623,25.76211890673801,-80.31903125353188,com.nike.sport.running.ios
392,15093298595,49.59562207576781,6.160478219395652,com.nike.sport.running.ios
393,10155947045,,,com.nike.sport.running.ios
394,1258176687,,,com.nike.sport.running.ios
395,15093298532,12.97478197609351,80.22038882605752,com.nike.sport.running.ios
396,1258183702,-34.8882380593893,-55.04466011194051,com.nike.sport.running.ios
397,15093298087,47.19857772816643,-1.598897147925197,com.nike.sport.running.ios
398,15093298087,,,com.nike.sport.running.ios
399,15093298061,52.97180657279954,-1.371377343313183,com.nike.sport.running.ios
400,15093297781,,,com.nike.sport.running.ios
401,15093297593,4.681957941506693,-74.03565094813149,com.nike.sport.running.ios
402,15093297467,35.24850977588002,138.9145071153891,com.nike.sport.running.ios
403,12582420070,31.10745796471006,121.4065432549654,com.nike.sport.running.ios
404,12582420070,31.10550804066575,121.3947301359115,com.nike.sport.running.ios
405,15093297467,35.24763562719826,138.9143266530139,com.nike.sport.running.ios
406,15093297401,34.68967990952981,133.9277123474832,com.nike.sport.running.ios
407,12582420070,,,com.nike.sport.running.ios
408,12582768092,-34.41634421226205,-58.80058048942491,com.nike.sport.running.ios
409,12582768110,32.71432567390866,-97.34691280880695,com.nike.sport.running.ios
410,12582768110,,,com.nike.sport.running.ios
411,12582770194,,,com.nike.sport.running.ios
412,12582854302,-29.50653734154022,31.214898666396,com.nike.sport.running.ios
413,15093297127,41.04781073987581,29.00261116216798,com.nike.sport.running.ios
414,12582855265,,,com.nike.sport.running.ios
415,15093096974,23.14892325552474,113.2758349926334,com.nike.sport.running.ios
416,15093096969,,,com.nike.sport.running.ios
417,15093096697,37.6747400779628,125.6869122294017,com.nike.sport.running.ios
418,15093096613,26.67664304843794,-81.75330673352047,com.nike.sport.running.ios
419,10156057100,14.6617164323243,-90.53581542343882,com.nike.sport.running.ios
420,15093096556,-19.95743265377354,-43.93004905436554,com.nike.sport.running.ios
421,15093096515,,,com.nike.sport.running.ios
422,15093096510,,,com.nike.sport.running.ios
423,12582900118,30.69155983164039,111.2843494490825,com.nike.sport.running.ios
424,15506821900,,,com.nike.sport.running.ios
425,12582901752,10.94546458684927,108.1974196528161,com.nike.sport.running.ios
426,15093096171,6.518103014683833,3.389556482437429,com.nike.sport.running.ios
427,15093095828,,,com.nike.sport.running.ios
428,12583043042,50.8094114251908,-0.3884686902169031,com.nike.sport.running.ios
429,15093095746,29.8102758871669,-95.36550717437208,com.nike.sport.running.ios
430,12583045544,,,com.nike.sport.running.ios
431,12583092231,,,com.nike.sport.running.ios
432,12583092924,,,com.nike.sport.running.ios
433,15093095536,51.51189503315266,0.2037195298302443,com.nike.sport.running.ios
434,12583095228,32.56905783559544,-93.62178872118625,com.nike.sport.running.ios
435,15093095524,,,com.nike.sport.running.ios
436,12585859156,-21.22847002467255,-44.97839204039888,com.nike.sport.running.ios
437,12585859619,34.02439253873566,-118.2878191397696,com.nike.sport.running.ios
438,12585861172,,,com.nike.sport.running.ios
439,12585861983,29.70227732791538,-95.42706202724523,com.nike.sport.running.ios
440,15093011486,51.46168245473081,-0.1182746049017816,com.nike.sport.running.ios
441,15093011475,31.8047242658509,-94.20446673416924,com.nike.sport.running.ios
442,15093011466,35.10601415302148,137.1668609419253,com.nike.sport.running.ios
443,12586034763,,,com.nike.sport.running.ios
444,10156405310,34.2218080256453,-118.2433347032575,com.nike.sport.running.ios
445,15093011259,55.67954799631208,37.51932668503143,com.nike.sport.running.ios
446,12586034803,35.73155793364693,140.0727237762325,com.nike.sport.running.ios
447,12586035847,,,com.nike.sport.running.ios
448,12586036056,,,com.nike.sport.running.ios
449,15093011205,34.09394695426719,-117.6593303774648,com.nike.sport.running.ios
450,12586036781,23.13847793733993,113.4050077480389,com.nike.sport.running.ios
451,15093011072,51.50758921639203,7.085482422269028,com.nike.sport.running.ios
452,12586036805,32.58786014749909,-95.8748373762666,com.nike.sport.running.ios
453,15093010910,,,com.nike.sport.running.ios
454,12586162858,51.51339619890928,-0.1719855051489286,com.nike.sport.running.ios
455,12586163280,,,com.nike.sport.running.ios
456,12586165020,39.8297560494764,-82.80992819004022,com.nike.sport.running.ios
457,10156482006,43.662525778677,10.63426706940926,com.nike.sport.running.ios
458,10156482330,,,com.nike.sport.running.ios
459,12586208868,,,com.nike.sport.running.ios
460,15093010799,53.3770350041365,-6.054425770422494,com.nike.sport.running.ios
461,15093007404,48.89673592992956,2.263881806286298,com.nike.sport.running.ios
462,12586341218,-15.89252921754112,-47.95055338186021,com.nike.sport.running.ios
463,15093007364,17.01782658232098,-96.71903634452886,com.nike.sport.running.ios
464,15093007292,33.57577774211166,130.4224639759682,com.nike.sport.running.ios
465,12586473278,,,com.nike.sport.running.ios
466,12586473278,,,com.nike.sport.running.ios
467,15093007292,33.59403537123799,130.4030144402109,com.nike.sport.running.ios
468,12586474436,,,com.nike.sport.running.ios
469,10156482703,,,com.nike.sport.running.ios
470,15541790372,39.87268090717482,141.6572383326866,com.nike.sport.running.ios
471,15093007155,1.29638931714119,103.8407541533036,com.nike.sport.running.ios
472,15092971610,39.01722906626669,117.6377029718064,com.nike.sport.running.ios
473,12588413229,50.1518965093886,15.13143598103442,com.nike.sport.running.ios
474,12588413629,,,com.nike.sport.running.ios
475,12588414556,35.2082274807945,136.9153378812009,com.nike.sport.running.ios
476,15092969166,36.2915769406001,-115.2304608655304,com.nike.sport.running.ios
477,10156482851,40.7496041246138,-73.99105243391729,com.nike.sport.running.ios
478,15092969070,-23.65225411022422,-46.71987483282268,com.nike.sport.running.ios
479,15092969030,-36.85209701772486,174.8069410120834,com.nike.sport.running.ios
480,15092968859,22.31580436697445,73.18820835097989,com.nike.sport.running.ios
481,12588741542,41.37033866256603,2.158320620658023,com.nike.sport.running.ios
482,15092968512,28.06996132249764,-81.7477838137017,com.nike.sport.running.ios
483,12589012156,33.47223957072335,-86.74988511026534,com.nike.sport.running.ios
484,12589012567,51.48633639798638,-0.1244826614857879,com.nike.sport.running.ios
485,12589013405,51.80298026655969,1.200538314880059,com.nike.sport.running.ios
486,12589013942,,,com.nike.sport.running.ios
487,15092968385,,,com.nike.sport.running.ios
488,15092968296,22.6885199826422,120.4742582795401,com.nike.sport.running.ios
489,15506821714,33.8740909332725,130.8666527924415,com.nike.sport.running.ios
490,15092967645,45.66784925763092,-73.82171820856055,com.nike.sport.running.ios
491,15092947074,39.02696942448525,-119.7421894782407,com.nike.sport.running.ios
492,12589014551,,,com.nike.sport.running.ios
493,15092872613,36.56862679406681,139.8998797965608,com.nike.sport.running.ios
494,12589014968,,,com.nike.sport.running.ios
495,12589068273,41.6230740833295,-87.50621048770094,com.nike.sport.running.ios
496,12589068511,,,com.nike.sport.running.ios
497,12589068511,,,com.nike.sport.running.ios
498,12589068511,,,com.nike.sport.running.ios
499,12589068511,-25.48178619707514,-49.26012332555769,com.nike.sport.running.ios
